,test,predict,seconds
0,Not normalized,0.8565471226021685,60.53314518928528
1,Normalized,0.8565471226021685,61.38007974624634
