,test,predict,seconds
0,Not random erased,0.8565471226021685,61.753207206726074
1,Random erased,0.8140116763969975,78.5587272644043
