,test,predict,seconds
0,Not normalized,0.8565471226021685,78.27638554573059
1,Normalized,0.8573811509591326,85.03901886940002
